<application>
  <component name="CPPToolchains" version="4">
    <toolchains detectedVersion="5">
      <toolchain name="System" toolSetKind="SYSTEM_UNIX_TOOLSET" debuggerKind="BUNDLED_GDB" />
      <toolchain name="HFT" toolSetKind="REMOTE" customCMakePath="/usr/bin/cmake" debuggerKind="CUSTOM_GDB" customGDBPath="/usr/bin/gdb" />
      <toolchain name="ZQuant" toolSetKind="REMOTE" customCMakePath="$USER_HOME$/software/cmake/install/bin/cmake" hostId="13c2ab3c-3423-46e3-901d-d16264a33aff" debuggerKind="CUSTOM_GDB" customGDBPath="/usr/bin/gdb" />
      <toolchain name="XHQuant" toolSetKind="REMOTE" customCMakePath="$USER_HOME$/software/cmake/install/bin/cmake" hostId="5447aec3-b13a-441b-9cf5-a9f3bd27d16e" debuggerKind="CUSTOM_GDB" customGDBPath="/usr/bin/gdb" />
    </toolchains>
  </component>
</application>